,number of Autoencoders,cardio,gas_drift,satellite,magic_telescope,pendigits,phoneme,pollen,speech,waveform
0,1,0.9191955061983472,0.9935284876750412,0.8571165809556599,0.9949315923193258,0.9993014464168308,0.7581159779561794,0.5007343908160599,0.5485084654662725,0.8149730207081141
1,2,0.9281379132231404,0.994127106792636,0.8631714356167314,0.9954537152694872,0.9981508875739644,0.8250750367079195,0.4982263485608042,0.5350712174146735,0.8211372150835055
2,3,0.943956611570248,0.993244397246352,0.8631421212453895,0.9961482469597704,0.9992192636423406,0.8404584199385976,0.4956131787858673,0.5369524321418974,0.8235005777108644
3,4,0.9433109504132232,0.9931158801476594,0.866906431400635,0.9965046119520696,0.9995069033530573,0.8375309395320456,0.4982203412739652,0.5420585864015051,0.8287719462048092
4,5,0.9495738636363636,0.993405043619718,0.8676846992201803,0.9966680311733128,0.999794543063774,0.832759863465609,0.4972111170850242,0.5452835259338887,0.82634828379025
5,6,0.9540934917355371,0.993777066800144,0.8688785413628654,0.996583909740553,0.999465811965812,0.825444213497073,0.4996320536811152,0.5458210158559527,0.825449622445526
6,7,0.9530927169421488,0.9934422459377604,0.8661373602466087,0.9968087938835606,0.9994247205785668,0.8394920005339332,0.5001336621321664,0.5439398011287289,0.8297172912557528
7,8,0.9519950929752068,0.9932596163764604,0.8680381960510668,0.99700027794423,0.9990548980933596,0.8434305219198719,0.500683328877929,0.5450147809728567,0.8294216277830297
8,9,0.9509620351239668,0.9933238749258066,0.868873368238511,0.9968948155398232,0.9995069033530573,0.8428443393527963,0.5004340264741132,0.5434023112066648,0.8294410793272878
9,10,0.9526730371900828,0.9932782175354816,0.8663609541770392,0.997034920480397,0.9995479947403024,0.8499159054937929,0.4988481027486341,0.5444772910507928,0.8295655692105396
10,11,0.9518982438016528,0.9932562343475474,0.8670190905532427,0.9971413329965552,0.9995069033530573,0.8483263095669419,0.4989021683301845,0.5442085460897608,0.8284023668639053
11,12,0.9515431301652892,0.9932731444921122,0.8661379350382035,0.997015114304656,0.9993425378040762,0.8484712343395434,0.499695130192924,0.5452835259338887,0.8275348279899941
12,13,0.9518982438016528,0.9931733746391798,0.8702683874394241,0.997075190601553,0.999465811965812,0.848200453843367,0.4991634853076782,0.5468959957000805,0.8280133359787434
13,14,0.9511234504132232,0.9931767566680928,0.8695039146181572,0.9969824450775112,0.9994247205785668,0.8462965999885586,0.4985717675540431,0.5468959957000806,0.8273130803854518
14,15,0.9508651859504132,0.993349240142654,0.8713012879355267,0.9970234460538608,0.9995479947403024,0.8453202646784006,0.4984696436777811,0.5468959957000806,0.8270407587658385
15,16,0.9513171487603306,0.993398279561892,0.871014466929653,0.9969975006944952,0.9996712689020382,0.8428649339257451,0.4986859060039827,0.5466272507390486,0.8277449046679817
16,17,0.9507360537190084,0.993391515504066,0.8701856174497532,0.9969674625460468,0.9997123602892836,0.841250166854179,0.4984396072435865,0.5479709755442085,0.8275426086076973
17,18,0.950703770661157,0.9933864424606966,0.8708138646630197,0.996826992177876,0.9996301775147928,0.8467016265898819,0.4995359370916922,0.5479709755442086,0.8267684371462249
18,19,0.9501226756198348,0.9935572349208012,0.870812140288235,0.9967494484418568,0.9995890861275476,0.8446299651036403,0.4998002577126054,0.5482397205052405,0.8270991133986126
19,20,0.9500903925619836,0.993748319554384,0.8693452721379546,0.99678452949114,0.9995479947403024,0.844825232165672,0.5000135163953876,0.5474334856221446,0.8266361666452701
20,21,0.950316373966942,0.9937297183953626,0.8705132486588676,0.996881002376668,0.9996301775147928,0.8443957971815945,0.500034541899324,0.5468959957000806,0.8266322763364184
21,22,0.950994318181818,0.993770302742318,0.8698763795716767,0.996873693824734,0.9996301775147928,0.8418115596575199,0.4995629698824674,0.5463585057780167,0.8263249419371405
22,23,0.9502195247933884,0.9937669207134052,0.8688118655378526,0.9969187145046472,0.999671268902038,0.8422059075913884,0.5000345418993238,0.5468959957000806,0.8259281304342753
23,24,0.9499289772727272,0.9936654598460162,0.8691981254896506,0.9968709896605183,0.9997123602892832,0.8408283594897124,0.5007704345370936,0.5471647406611126,0.8259903753759011
24,25,0.9499935433884296,0.993738173467645,0.8690400578010428,0.996810182508428,0.9996301775147928,0.8395797181594553,0.5014402470196349,0.5471647406611126,0.825029469089551
25,26,0.9501872417355371,0.99372126332308,0.8689946492650428,0.9968326928483844,0.9996301775147928,0.8412066894223984,0.5011789300421411,0.5479709755442085,0.8251617395905061
26,27,0.9506069214876032,0.9938244152049256,0.868441699750713,0.996859515233982,0.999671268902038,0.8414584008695486,0.5009897005067148,0.5485084654662725,0.825593563873036
27,28,0.9502518078512396,0.99381257810373,0.8685997674393207,0.9968849489947122,0.9997534516765284,0.8414942506817186,0.5006442815134758,0.5490459553883364,0.8253718162684935
28,29,0.9511234504132232,0.993885291725359,0.8679761185588135,0.9968558609580151,0.999794543063774,0.8409824374058467,0.5010527770185235,0.5479709755442086,0.824640438204389
29,30,0.9511234504132232,0.9939326401301404,0.8697872868744616,0.9968277961185888,0.9997534516765284,0.8386804218073644,0.5014702834538295,0.5485084654662725,0.8241541495979366
30,31,0.951769111570248,0.9939647694048136,0.8701919401572975,0.9968530106227608,0.999794543063774,0.8370954024522798,0.5021280813626929,0.5482397205052405,0.8247727087053442
31,32,0.952188791322314,0.9939782975204654,0.8700890524618036,0.9968147868961464,0.9997534516765286,0.8387643256230811,0.5025155513638042,0.5479709755442086,0.8246482188220923
32,33,0.9523502066115702,0.994022263896334,0.8694360892099549,0.9967794135047862,0.9997534516765286,0.8410221010278217,0.5036238957855879,0.5477022305831766,0.824508167703434
33,34,0.9529313016528926,0.9939850615782914,0.8693211308909672,0.9967975387135825,0.999794543063774,0.8412593199977116,0.5033836043120306,0.5487772104273044,0.8244809355414726
34,35,0.9525116219008264,0.9939985896939432,0.8687417409632703,0.9968041894958422,0.999794543063774,0.8400999218168992,0.5036208921421685,0.5487772104273044,0.8238351442721039
35,36,0.952188791322314,0.9939596963614442,0.8689785551003845,0.9968063089759032,0.9997123602892832,0.8402562880189166,0.5036839686539772,0.5501209352324644,0.8238118024189941
36,37,0.9523824896694216,0.9939749154915526,0.8695849602330435,0.9968269190923568,0.999671268902038,0.8392006254648082,0.5036208921421684,0.5503896801934963,0.8233585814377803
37,38,0.9529635847107438,0.993944477231336,0.8693286031817014,0.9968116442188149,0.9997534516765284,0.8412982208577258,0.5031072691174394,0.5495834453104005,0.823422771533832
38,39,0.9522533574380164,0.9939546233180748,0.8688469278251438,0.996810401764986,0.9997123602892832,0.8409198909250396,0.5033025059397048,0.5485084654662725,0.8235239195639743
39,40,0.9521242252066116,0.9939698424481832,0.8688365815764351,0.9967918380430738,0.999671268902038,0.8410571880780305,0.5028849995043988,0.5495834453104005,0.8234811261666064
40,41,0.9515431301652892,0.993993516650574,0.8688256605361312,0.9968055050351904,0.9997534516765284,0.8418039320379093,0.5029931306674996,0.5490459553883364,0.8235083583285677
41,42,0.9515754132231404,0.9940493201276378,0.8694573564989674,0.9967832870373112,0.999671268902038,0.8391876585114699,0.503341553304158,0.5479709755442085,0.8238040218012908
42,43,0.9518013946280992,0.9940205728818776,0.8690440813422073,0.9967709355845428,0.9997945430637738,0.8414965389676018,0.5034226516764836,0.5479709755442085,0.8238079121101425
43,44,0.951769111570248,0.9940391740408988,0.8694855212871193,0.9967981964832564,0.9997945430637738,0.8422097214011938,0.5030381853187917,0.5477022305831766,0.8237573380950713
44,45,0.9514785640495868,0.9940391740408988,0.8695395516970434,0.9967908148458032,0.9997945430637738,0.8423416792204574,0.5034016261725472,0.5482397205052405,0.8236133966675614
45,46,0.951252582644628,0.9940391740408988,0.8712156439878811,0.9968258228095668,0.9998356344510192,0.8423241356953527,0.5036118812119101,0.5490459553883364,0.8236250675941164
46,47,0.9510266012396696,0.9940053537517692,0.8715398264474258,0.996750983237763,0.9998356344510192,0.8426391563852711,0.5036839686539772,0.5487772104273044,0.823239927017806
47,48,0.9508006198347108,0.9940307189686164,0.8712202423206405,0.9967360737918176,0.999794543063774,0.8419526706203162,0.5036689504368799,0.5487772104273044,0.8228275542795342
48,49,0.9505746384297522,0.9940002807083996,0.8718668828649454,0.9967220413721046,0.999794543063774,0.8409778608340802,0.5040954678024443,0.5487772104273045,0.8231582305319218
49,50,0.9507683367768592,0.9939292581012276,0.8722491192755787,0.9967400204098622,0.999794543063774,0.8404858793691958,0.5044949523772336,0.5482397205052405,0.8230920952814444
50,51,0.9511234504132232,0.993930949115684,0.8718990711942618,0.9967357083642212,0.999794543063774,0.8400800900059114,0.504221620826062,0.5487772104273045,0.8231348886788122
51,52,0.9508974690082644,0.9939410952024228,0.871953101604186,0.9967333696276024,0.999794543063774,0.8391106195534028,0.5041540388491239,0.5482397205052405,0.8233799781364644
52,53,0.950574638429752,0.9939326401301404,0.8717139883006919,0.9967319810027347,0.9997534516765286,0.8398955016113345,0.5042816936944514,0.5493147003493685,0.8234422230780902
53,54,0.9510588842975206,0.9939749154915524,0.8708673202813489,0.9967160483595188,0.9997123602892832,0.8393348715699547,0.5046181017574317,0.5493147003493685,0.8238312539632522
54,55,0.9510266012396692,0.9939546233180748,0.8707690309186147,0.9966971922955292,0.999671268902038,0.8400633092427681,0.5040414022208939,0.5501209352324644,0.8238468151986585
55,56,0.9507037706611572,0.9940019717228564,0.8706069396888423,0.9967119555704356,0.9997123602892832,0.8389977307831659,0.5039152491972763,0.5493147003493685,0.8238195830366973
56,57,0.9508651859504132,0.9940070447662256,0.8709627356861087,0.996720798918276,0.9997123602892832,0.8369054747239755,0.5040414022208939,0.5501209352324643,0.8235900548144517
57,58,0.9506714876033058,0.9940273369397036,0.8707489132127919,0.99670815512343,0.9997123602892832,0.8364516313571442,0.5040233803603772,0.5501209352324644,0.8239868663173169
58,59,0.9507683367768596,0.9940239549107904,0.8706937332196778,0.9967031853081152,0.9997123602892832,0.835235788791213,0.5039302674143736,0.5493147003493684,0.8245431804830987
59,60,0.9508651859504132,0.9940087357806822,0.8704931309530448,0.9966811134812744,0.9997534516765284,0.836598844415629,0.5044168576483274,0.5498521902714324,0.8247104637637183
60,61,0.9508006198347108,0.9940138088240515,0.8702655134814495,0.9966751204686886,0.9997534516765284,0.8378497740317691,0.5041164933063806,0.5495834453104004,0.8246793412929052
61,62,0.9508974690082644,0.9940188818674212,0.8708040932059059,0.9966989463479934,0.9997534516765284,0.8381220800518678,0.5038221362512728,0.5498521902714323,0.8243369941139628
62,63,0.9511234504132232,0.9940036627373128,0.8705580824032726,0.9966944881313136,0.9997534516765284,0.8390930760282984,0.5039873366393436,0.5495834453104004,0.8243019813342982
63,64,0.9508974690082644,0.9940188818674212,0.8702183805706646,0.9967150982477672,0.9997534516765284,0.8379512213725901,0.50417656617477,0.5501209352324644,0.8241113562005689
64,65,0.9509620351239668,0.994015499838508,0.8703977155482849,0.99673030003579,0.9997534516765284,0.8379214736561088,0.5036839686539774,0.5498521902714324,0.8239285116845427
65,66,0.9504777892561984,0.9940087357806822,0.8701425080801328,0.9967283998122872,0.9997534516765284,0.8380198699490856,0.5035848484211348,0.5498521902714324,0.8238701570517684
66,67,0.9504777892561984,0.9939461682457924,0.8700378960098543,0.9967294960950772,0.9997945430637738,0.837811635933716,0.5038071180341754,0.5493147003493685,0.8239168407579879
67,68,0.9503809400826446,0.9939461682457924,0.8703592045114242,0.9967202142341212,0.9997945430637738,0.8380427528079175,0.5033565715212552,0.5493147003493685,0.8240218790969815
68,69,0.9505423553719008,0.9939512412891618,0.8702344747353229,0.9967379009298012,0.9997945430637738,0.8380358879502681,0.5034917354751314,0.5498521902714324,0.8240957949651623
69,70,0.9506392045454546,0.9939427862168794,0.8711121815007923,0.9967343197393536,0.9997945430637738,0.837500429053603,0.5035427974132622,0.5495834453104004,0.8243934035923113
70,71,0.9506069214876034,0.9939410952024228,0.8711006856688936,0.996742359146481,0.9997945430637738,0.8371266756926832,0.5034737136146146,0.5493147003493685,0.8244225809086984
71,72,0.950832902892562,0.9939461682457924,0.8711024100436784,0.9967409705216136,0.9997945430637738,0.8356068724852692,0.5033986225291278,0.5493147003493685,0.8241619302156399
72,73,0.9506069214876034,0.9939884436072044,0.8707425905052477,0.9967324195158508,0.9997945430637738,0.8353433382277224,0.5035097573356482,0.5495834453104005,0.8240957949651624
73,74,0.9503486570247934,0.9940019717228564,0.8705097999092979,0.9967334427131216,0.9997945430637738,0.8351923113594325,0.5033956188857084,0.5495834453104005,0.8237962411835876
74,75,0.9504777892561982,0.9939681514337266,0.8702379234848925,0.9967207623755162,0.9997945430637738,0.8346820236074827,0.5035097573356482,0.5498521902714324,0.8238040218012908
75,76,0.9506392045454546,0.9939952076650304,0.8702931034780065,0.9967207258327564,0.999835634451019,0.83367365229496,0.503482724544873,0.5495834453104004,0.8237981863380134
76,77,0.950574638429752,0.9939985896939432,0.8705983178149183,0.9967151713332868,0.9997945430637738,0.8337201807745848,0.5031763529160873,0.5503896801934963,0.8239596341553557
77,78,0.9500258264462808,0.993973224477096,0.8705546336537029,0.9966982885783192,0.9997945430637738,0.8340748650864781,0.5031613346989898,0.5501209352324644,0.8240160436337041
78,79,0.9499612603305784,0.9939664604192702,0.8704396753347156,0.9966957305851424,0.9997945430637738,0.8343509849163822,0.503347560590997,0.5506584251545283,0.8241736011421947
79,80,0.9502195247933884,0.993973224477096,0.8705885463578044,0.9966846215862027,0.9997945430637738,0.8341213935661029,0.5034466808238393,0.5503896801934963,0.8241308077448268
80,81,0.9503486570247934,0.9939647694048136,0.8706506238500576,0.9967048662750598,0.9997534516765284,0.834474552354074,0.5030261707451138,0.5503896801934963,0.8240218790969815
81,82,0.9502518078512396,0.9939546233180748,0.8707466140464122,0.9967017235977284,0.9997534516765284,0.8345142159760492,0.503098258187181,0.5503896801934963,0.8240957949651624
82,83,0.9501872417355371,0.9939647694048136,0.8709477911046403,0.9967202142341212,0.9997534516765284,0.8343219999618618,0.5033085132265438,0.5498521902714324,0.8240218790969815
83,84,0.9503809400826446,0.9939647694048136,0.8708690446561337,0.9967327849434476,0.9997123602892832,0.8344409908277874,0.5032995022962854,0.5498521902714324,0.823842924889807
84,85,0.9504777892561984,0.9939816795493784,0.8708155890378046,0.9967351236800662,0.9997123602892832,0.8350839991609619,0.503470709971195,0.5498521902714324,0.8238973892137297
85,86,0.9505100723140496,0.993986752592748,0.870628206977855,0.996752883461266,0.9997123602892832,0.8346438855094298,0.5035187682659066,0.5498521902714324,0.8239479632288008
86,87,0.9508651859504132,0.9939681514337266,0.870498878868994,0.9967331503710444,0.999671268902038,0.835342956846742,0.5037500488092056,0.5498521902714324,0.8239829760084654
87,88,0.9508651859504132,0.9939444772313358,0.8706488994752727,0.996727742042613,0.9997123602892832,0.8353074884155527,0.503380600668611,0.5498521902714324,0.8241658205244915
88,89,0.950574638429752,0.9939512412891618,0.8706207346871209,0.9967149520767288,0.999671268902038,0.8349573806754257,0.5033325423738996,0.5506584251545283,0.8239635244642073
89,90,0.9506069214876032,0.9939478592602488,0.8707966209151715,0.9967104207745296,0.9997123602892832,0.8347239755153412,0.503149320125312,0.5506584251545283,0.8240607821854977
90,91,0.9506714876033058,0.9938937467976412,0.8707172996750703,0.996700188801822,0.9997123602892832,0.8352174825041475,0.5028940104346573,0.5501209352324644,0.8241385883625301
91,92,0.9508974690082644,0.9938971288265545,0.8709920500574504,0.9966804557116004,0.9997123602892832,0.8348444919051887,0.502860970357043,0.5506584251545283,0.8242514073192271
92,93,0.9506714876033058,0.9938971288265545,0.8709357204811465,0.9966629882724782,0.9997123602892832,0.8345973570298049,0.5027798719847175,0.5501209352324644,0.8241891623776012
93,94,0.9508974690082644,0.9939055838988368,0.8711529917040329,0.9966667156339646,0.9997123602892832,0.8356301367250815,0.5025996533795494,0.5503896801934963,0.8242552976280788
94,95,0.950703770661157,0.9938937467976412,0.8710432065093998,0.996668542771948,0.9997123602892832,0.8353532541332164,0.5026987736123918,0.5509271701155604,0.82442647121755
95,96,0.950574638429752,0.993881909696446,0.8710730956723365,0.9966710276796056,0.9997123602892832,0.8357781125455275,0.5026807517518751,0.5509271701155604,0.824414800290995
96,97,0.9504455061983472,0.9938683815807942,0.8708845640291972,0.9966802364550424,0.9997123602892832,0.8355271638603383,0.5028970140780767,0.5509271701155604,0.8243681165847757
97,98,0.9506714876033058,0.9938836007109024,0.8708816900712224,0.9966735125872632,0.9997123602892832,0.8352968097480977,0.5025756242321937,0.5509271701155604,0.8245276192476921
98,99,0.9504455061983472,0.9938836007109024,0.8708719186141085,0.9966948535589104,0.9997123602892832,0.8355775061497683,0.5028069047754927,0.5506584251545283,0.8244420324529566
99,100,0.9502840909090908,0.9938836007109024,0.8707253467573994,0.996690687684308,0.9997123602892832,0.8353677466104766,0.5030862436135032,0.5509271701155602,0.8244926064680275
100,101,0.950316373966942,0.9938937467976412,0.8705609563612473,0.9966964614403356,0.9997123602892832,0.8357819263553328,0.5029961343109192,0.5506584251545283,0.8245159483211373
101,102,0.9502840909090908,0.9939224940434016,0.8708483521587159,0.996705524044734,0.9997123602892832,0.8354348696630499,0.5031973784200235,0.5506584251545283,0.824589864189318
102,103,0.9504455061983472,0.9939258760723144,0.8708288092444881,0.9967121748269936,0.9997123602892832,0.8353021490818252,0.5029150359385935,0.5501209352324644,0.8245587417185051
103,104,0.9504777892561984,0.9939072749132932,0.8707046542599817,0.9967284728978064,0.9997123602892832,0.8357666711161115,0.5030261707451138,0.5503896801934963,0.8245042773945823
104,105,0.9506714876033058,0.9938768366530766,0.8707115517591211,0.9967258418191104,0.9997123602892832,0.8355321218130851,0.5028099084189122,0.5503896801934963,0.824477045232621
105,106,0.9503809400826446,0.993885291725359,0.8704063374222093,0.9967161579877978,0.9997123602892832,0.8358147251196583,0.5029450723727882,0.5503896801934963,0.8245198386299889
106,107,0.9503486570247934,0.9938802186819896,0.870454045124589,0.9967165599581542,0.999671268902038,0.8356110676760551,0.5027858792715564,0.5503896801934963,0.8244614839972145
107,108,0.9505746384297522,0.9938244152049256,0.8704172584625129,0.9967004811438996,0.999671268902038,0.8348582216204877,0.5029420687293686,0.5503896801934963,0.8243214328785562
108,109,0.950703770661157,0.9938210331760128,0.8708972094442857,0.996690249171192,0.9996301775147928,0.8349070383859958,0.5029450723727882,0.5503896801934963,0.824477045232621
109,110,0.9509620351239668,0.993787212886883,0.8707575350867159,0.9966844023296448,0.9996301775147928,0.8337850155412749,0.5027918865583954,0.5503896801934964,0.8243797875113306
110,111,0.9509297520661156,0.9937686117278616,0.8706184355207411,0.9966813327378324,0.9996301775147928,0.8341618199500391,0.5028759885741405,0.5498521902714324,0.8244303615264016
111,112,0.9510266012396694,0.9937652296989486,0.8706494742668676,0.9966788478301748,0.9996301775147928,0.8342274174786904,0.5029240468688518,0.5501209352324644,0.8242903104077433
112,113,0.950832902892562,0.993790594915796,0.8705442874049941,0.9966697852257768,0.9996301775147928,0.8339818081272288,0.5028579667136236,0.5498521902714324,0.8244420324529564
113,114,0.9507360537190084,0.993790594915796,0.8707190240498552,0.9966691274561028,0.9996301775147928,0.8341702103316108,0.502866977643882,0.5503896801934963,0.8242864200988915
114,115,0.950574638429752,0.9937889039013394,0.8706420019761335,0.9966610880489756,0.9996301775147928,0.8338201025914838,0.5027678574110396,0.5501209352324644,0.8242708588634852
115,116,0.950574638429752,0.9938041230314478,0.870610388438412,0.9966583107992404,0.9996301775147928,0.8340367269884251,0.5027738646978785,0.5501209352324644,0.8242280654661174
116,117,0.9507037706611572,0.9937922859302524,0.8705621059444372,0.996666350206368,0.9996301775147928,0.8336667874373104,0.5027228027597476,0.5503896801934964,0.8243019813342981
117,118,0.9510266012396692,0.9937956679591654,0.8704212820036774,0.9966610880489756,0.9996301775147928,0.8336507694361281,0.5026116679532272,0.5503896801934964,0.8243720068936273
118,119,0.950994318181818,0.9937855218724264,0.8702499941083862,0.9966613073055336,0.999671268902038,0.8334547396121355,0.5029150359385934,0.5503896801934964,0.8246054254247245
119,120,0.951091167355372,0.9937889039013394,0.870194239323677,0.9966689812850642,0.9996301775147928,0.8330931904425926,0.5027648537676201,0.5506584251545283,0.8246637800574987
120,121,0.951091167355372,0.9938007410025348,0.8700758322551201,0.9966737318438212,0.9997123602892832,0.8329825899582388,0.5031673419858288,0.5506584251545283,0.8245353998653953
121,122,0.9511557334710744,0.993793976944709,0.8700769818383101,0.9966873257504182,0.9997534516765284,0.832772830418947,0.5030742290398253,0.5501209352324644,0.8242747491723368
122,123,0.951091167355372,0.9937821398435136,0.869921788107677,0.996687252664899,0.9997534516765284,0.8327720676569859,0.5029360614425298,0.5506584251545283,0.824539290174247
123,124,0.9511880165289256,0.993787212886883,0.8699373074807402,0.996697557723126,0.9997534516765284,0.8327591007036479,0.5027648537676201,0.5506584251545283,0.8245548514096533
124,125,0.9511234504132232,0.993780448829057,0.869837868534816,0.9967026006239604,0.9997123602892832,0.8324013653439104,0.5028008974886536,0.5506584251545283,0.8246170963512793
125,126,0.9511880165289256,0.9937855218724264,0.8698125777046387,0.996702527538441,0.9997123602892832,0.8327057073663736,0.5027077845426502,0.5506584251545283,0.8246559994397955
126,127,0.9511234504132232,0.9938176511470996,0.869645888142107,0.9967031122225956,0.9997534516765284,0.8332381152151941,0.5028219229925899,0.5509271701155604,0.8246676703663504
127,128,0.9511557334710744,0.9938210331760128,0.8695855350246384,0.9966978500652032,0.9997534516765284,0.8331008180622032,0.5026266861703246,0.5506584251545283,0.8247104637637183
128,129,0.9509620351239668,0.9938311792627516,0.8695493231541573,0.9966932456774849,0.9997534516765284,0.8333571060811197,0.5024885185730291,0.5506584251545283,0.824589864189318
129,130,0.9509620351239668,0.9938311792627516,0.8694860960787142,0.9966892259739212,0.9997534516765284,0.8334059228466277,0.5027438282636838,0.5509271701155604,0.8246248769689827
130,131,0.9513171487603304,0.9938463983928598,0.8693935546319294,0.9966779708039428,0.9997534516765284,0.8329383497644972,0.5024855149296096,0.5509271701155604,0.824652109130944
131,132,0.9513817148760332,0.9938362523061208,0.8694993162853979,0.9966787016591364,0.9997534516765284,0.8332278179287198,0.5024735003559317,0.5509271701155604,0.8245548514096535
132,133,0.9512848657024792,0.9938024320169913,0.8694820725375497,0.996673439501744,0.9997534516765284,0.8330649682500334,0.502359361905992,0.5509271701155604,0.8245237289388404
133,134,0.9513171487603304,0.9938311792627516,0.8694958675358282,0.9966836714744514,0.9997123602892832,0.83309852977632,0.5022782635336663,0.5511959150765924,0.8245509611008017
134,135,0.9514462809917354,0.993836252306121,0.8694102235881824,0.9966873988359378,0.9997123602892832,0.8336622108655442,0.5023143072546999,0.5509271701155604,0.824508167703434
135,136,0.951381714876033,0.9938582354940552,0.8694343648351699,0.9966876180924958,0.9997123602892832,0.8331755687343873,0.5023233181849583,0.5506584251545283,0.8244537033795114
136,137,0.951252582644628,0.9938565444795988,0.8695073633677268,0.9966947804733908,0.9997123602892832,0.832923094525276,0.5023743801230893,0.5509271701155604,0.8244148002909951
137,138,0.9514139979338844,0.99387514563862,0.8695395516970434,0.9966927340788494,0.9997123602892832,0.8328323258519097,0.5022722562468274,0.5506584251545283,0.8243603359670724
138,139,0.9514785640495866,0.9938903647687284,0.8694998910769929,0.9967009196570156,0.9997123602892832,0.8332037909269465,0.5021851505876629,0.5503896801934963,0.8242475170103755
139,140,0.9516076962809916,0.9938852917253588,0.8694837969123346,0.9967172177278282,0.9997123602892832,0.8327545241318814,0.5022422198126327,0.5506584251545283,0.8243292134962594
140,141,0.9514462809917354,0.9939005108554672,0.8693659646353724,0.9967045008474632,0.9997123602892832,0.8330520012966953,0.5021701323705655,0.5503896801934964,0.824395348746737
141,142,0.9517045454545454,0.9938717636097072,0.86934124859679,0.9967050855316176,0.9997123602892832,0.8332335386434278,0.5021941615179213,0.5498521902714324,0.8244459227618082
142,143,0.951769111570248,0.99387514563862,0.8702172309874747,0.9966957305851424,0.9997123602892832,0.8333540550332754,0.5022241979521159,0.5503896801934963,0.8245509611008017
143,144,0.9516076962809916,0.9938649995518812,0.87026206473188,0.996692441736772,0.9997123602892832,0.8327903739440515,0.5021581177968877,0.5501209352324644,0.8245743029539115
144,145,0.951769111570248,0.9938717636097072,0.870306898476285,0.9966837445599708,0.9997123602892832,0.8323964073911634,0.5019568736877833,0.5503896801934963,0.8245003870857307
145,146,0.9518336776859504,0.9938666905663376,0.8703362128476269,0.9966901760856726,0.9997123602892832,0.8319559123586507,0.5018006842299709,0.5503896801934963,0.8244887161591758
146,147,0.951769111570248,0.9938413253494904,0.8701448072465127,0.9966866679807442,0.9997123602892832,0.8322716958105298,0.5017646405089373,0.5503896801934963,0.8245392901742469
147,148,0.9517045454545454,0.9938649995518812,0.870362078469399,0.9966877642635346,0.9997534516765284,0.8322617799050361,0.5017105749273869,0.5503896801934963,0.8246132060424277
148,149,0.9517368285123966,0.99384639839286,0.8702057351555761,0.9966991656045516,0.9997534516765284,0.8322621612860167,0.5016895494234507,0.5503896801934963,0.8245626320273567
149,150,0.951769111570248,0.9938413253494904,0.8702683874394241,0.996685352441396,0.9997945430637738,0.832154611849507,0.5017976805865515,0.5501209352324644,0.8247143540725699
150,151,0.9517368285123966,0.9938463983928598,0.870222978903424,0.996685937125551,0.9997945430637738,0.8319360805476631,0.5018096951602293,0.5501209352324644,0.8245548514096536
151,152,0.9518013946280992,0.9938463983928598,0.8700890524618037,0.996687252664899,0.9997945430637738,0.8318880265441163,0.5018577534549409,0.5501209352324644,0.8244381421441049
152,153,0.9516399793388428,0.9938345612916644,0.8698591358238286,0.996687033408341,0.9997945430637738,0.8317133540550332,0.5018817826022965,0.5501209352324644,0.8244420324529566
153,154,0.9517368285123966,0.9938058140459042,0.8697033673016006,0.9967039161633084,0.9997945430637738,0.8317530176770084,0.5018998044628133,0.5501209352324644,0.8244109099821435
154,155,0.9518982438016528,0.9938379433205776,0.8696435889757272,0.9966940496181976,0.9997534516765284,0.8319887111229763,0.5020409757035283,0.5501209352324644,0.8245042773945824
155,156,0.9519950929752066,0.993822724190469,0.8696165737707651,0.996699092519032,0.9997123602892832,0.8321752064224557,0.5021340886495318,0.5501209352324644,0.824508167703434
156,157,0.9520919421487604,0.9938091960748172,0.8694975919106129,0.9967017966832477,0.9997534516765284,0.8319353177857021,0.5020589975640453,0.5501209352324644,0.8244109099821435
157,158,0.9520596590909092,0.9938159601326432,0.8694608052485371,0.996707716610314,0.9997534516765284,0.8320169333155356,0.5021461032232097,0.5501209352324644,0.8243603359670726
158,159,0.9520273760330578,0.9938007410025348,0.8693176821413976,0.996707278097198,0.9997534516765284,0.8332625235979482,0.5021130631455957,0.5501209352324644,0.82442647121755
159,160,0.9520273760330578,0.9937922859302524,0.869322280474157,0.996706401070966,0.9997534516765284,0.8333990579889781,0.5020199501995921,0.5498521902714324,0.8244653743060661
160,161,0.9519628099173554,0.9937939769447088,0.8691952515316759,0.9967131980242646,0.9997123602892832,0.8337926431608855,0.5020830267114009,0.5501209352324644,0.824477045232621
161,162,0.9519628099173554,0.99378383085797,0.8691734094510682,0.9967167792147122,0.9997534516765284,0.8338757842146413,0.5020439793469478,0.5501209352324644,0.8244381421441049
162,163,0.951930526859504,0.993790594915796,0.8691452446629163,0.9967198488065244,0.9997123602892832,0.8340298621307756,0.5021521105100487,0.5501209352324644,0.8245898641893181
163,164,0.9518982438016528,0.993790594915796,0.8690452309253973,0.996718240925099,0.9997123602892832,0.8335889857172823,0.5020980449284983,0.5501209352324644,0.8246949025283118
164,165,0.9518659607438016,0.99378383085797,0.8689153280249414,0.9967147328201708,0.9997123602892832,0.8334272801815373,0.5022332088823743,0.5501209352324644,0.8246248769689827
165,166,0.9518336776859504,0.9938024320169913,0.8687371426305107,0.9967161945305576,0.9997123602892832,0.83309852977632,0.5022902781073442,0.5501209352324644,0.8245859738804664
166,167,0.9518982438016528,0.993780448829057,0.869048104883372,0.9967153175043256,0.9997123602892832,0.8334166015140826,0.5023863946967672,0.5501209352324644,0.8245820835716147
167,168,0.9519950929752066,0.9937719937567746,0.8690659234228149,0.996703185308115,0.9997123602892832,0.8330634427261112,0.5024614857822539,0.5501209352324644,0.8245898641893179
168,169,0.951930526859504,0.993770302742318,0.8690371838430682,0.99671480590569,0.9997123602892832,0.8331160733014245,0.5023773837665088,0.5501209352324644,0.8245976448070214
169,170,0.9518659607438016,0.9937601566555792,0.8692929661028154,0.9967183870961376,0.9997123602892832,0.8332205716900898,0.5023413400454751,0.5501209352324644,0.8245898641893179
170,171,0.9518013946280992,0.9937635386844922,0.8692038734056,0.9967102746034908,0.9997123602892832,0.833622547243569,0.5021911578745017,0.5503896801934964,0.824640438204389
171,172,0.9519628099173552,0.9937686117278616,0.8691866296577518,0.9967175100699056,0.9997123602892832,0.8344856124025095,0.5023683728362505,0.5506584251545283,0.8246598897486471
172,173,0.9519628099173552,0.9937736847712312,0.8691975506980557,0.9967211643458724,0.9997123602892832,0.834186228332793,0.5023082999678611,0.5503896801934963,0.8246832316017569
173,174,0.9518013946280992,0.9937669207134052,0.8691509925788657,0.9967188256092536,0.9997123602892832,0.8341305467096355,0.5023743801230893,0.5501209352324644,0.8247765990141958
174,175,0.9517045454545454,0.9937669207134052,0.8690584511320809,0.9967172908133476,0.9997534516765284,0.83419843252417,0.5025696169453547,0.5503896801934963,0.824753257161086
175,176,0.9518013946280992,0.9937669207134052,0.8693895310907648,0.996714586649132,0.9997534516765284,0.8339268892660323,0.5025846351624521,0.5503896801934963,0.8246326575866858
176,177,0.9517045454545456,0.9937618476700356,0.8693050367263091,0.996722333714182,0.9997534516765284,0.83396121355428,0.5025305695809016,0.5501209352324644,0.8245392901742469
177,178,0.9516076962809916,0.9937669207134052,0.869314233391828,0.9967348313379892,0.9997534516765284,0.8338689193569917,0.5026897626821334,0.5501209352324644,0.8246676703663504
178,179,0.9516076962809916,0.9937719937567746,0.8692619273566886,0.9967231376548946,0.9997534516765284,0.8335935622890487,0.5028519594267846,0.5501209352324644,0.8248388439558216
179,180,0.951639979338843,0.9937567746266662,0.8692055977803848,0.996718021668541,0.9997534516765284,0.833510421235293,0.5028789922175598,0.5503896801934964,0.8249322113682604
180,181,0.9516722623966942,0.9937635386844922,0.8692291642357772,0.9967145135636126,0.9997534516765284,0.8335981388608149,0.5029060250083351,0.5503896801934964,0.824784379631899
181,182,0.951639979338843,0.9937584656411228,0.8692285894441822,0.9967259149046296,0.9997534516765284,0.8333670219866135,0.5029030213649157,0.5501209352324644,0.8248582955000798
182,183,0.9517368285123968,0.9937584656411228,0.8691440950797265,0.9967206527472372,0.9997534516765284,0.8332937968383516,0.5029210432254325,0.5495834453104004,0.824885527662041
183,184,0.9518659607438016,0.9937601566555792,0.8692469827752203,0.996725403305994,0.9997534516765284,0.8332335386434279,0.5029961343109192,0.5498521902714324,0.8249322113682604
184,185,0.9517045454545456,0.9937736847712312,0.8691969759064607,0.9967306654633868,0.9997534516765284,0.8333159169352224,0.503008148884597,0.5501209352324643,0.824998346618738
185,186,0.951769111570248,0.9937669207134052,0.8691946767400809,0.9967297884371544,0.9997534516765284,0.833161076257127,0.5030501998924696,0.5501209352324644,0.824947772603667
186,187,0.9517368285123968,0.9937736847712312,0.8690935134193719,0.996731834831696,0.9997534516765284,0.833196926069297,0.5030742290398252,0.5501209352324643,0.8248777470443379
187,188,0.9517368285123968,0.9937736847712312,0.868963610518916,0.9967292768385192,0.9997534516765284,0.8332091302606739,0.5030562071793085,0.5498521902714324,0.8249399919859638
188,189,0.951769111570248,0.9937567746266665,0.8689515398954224,0.9967352698511052,0.9997534516765284,0.8334913521862665,0.5028459521399458,0.5495834453104005,0.8249866756921833
189,190,0.9518659607438016,0.9937466285399276,0.8688377311596248,0.9967332965420828,0.9997534516765284,0.8336744150569211,0.5029210432254324,0.5498521902714324,0.8248310633381184
190,191,0.9517368285123968,0.9937517015832968,0.8688032436639286,0.9967349044235082,0.9997534516765284,0.8335989016227761,0.5028129120623316,0.5495834453104004,0.8249127598240025
191,192,0.9516076962809916,0.9937432465110144,0.8687641578354728,0.9967286190688452,0.9997534516765284,0.8335439827615797,0.5027828756281368,0.5495834453104004,0.8248933082797443
192,193,0.9515431301652894,0.993748319554384,0.8687658822102576,0.9967210912603532,0.9997534516765284,0.8338795980244467,0.5027378209768449,0.5495834453104004,0.8248894179708928
193,194,0.9516076962809918,0.9937500105688404,0.8688078419966881,0.9967242339376848,0.9997534516765284,0.8340275738448923,0.5027438282636838,0.5495834453104004,0.8248621858089313
194,195,0.9516399793388431,0.9937449375254708,0.8688687699057513,0.9967256225625524,0.9997534516765284,0.8342094925726055,0.5027137918294892,0.5495834453104004,0.8248116117938604
195,196,0.9517045454545456,0.993748319554384,0.8688595732402323,0.9967247455363202,0.9997534516765284,0.8341194866612003,0.5027708610544591,0.5495834453104004,0.8246637800574987
196,197,0.951639979338843,0.9937398644821016,0.8688348572016502,0.9967254763915137,0.9997534516765284,0.8344310749222936,0.5027197991163281,0.5495834453104004,0.824640438204389
197,198,0.9516722623966944,0.9937449375254708,0.868845203450359,0.9967224798852206,0.9997534516765284,0.8342708949104709,0.502629689813744,0.5495834453104004,0.8247454765433829
198,199,0.9515754132231408,0.9937398644821016,0.8691291504982579,0.9967196295499664,0.9997534516765284,0.8342945405312636,0.5024104238441229,0.5495834453104004,0.8246443285132408
199,200,0.9515431301652894,0.993738173467645,0.8691613388275746,0.9967243801087234,0.9997534516765284,0.8342636486718408,0.5022932817507637,0.5495834453104004,0.8245353998653953
